race,username,p1,p2,p3,p4,p5
QATAR AIRWAYS AUSTRALIAN GRAND PRIX 2026,leandroluiz,NOR,VER,PIA,RUS,LEC
QATAR AIRWAYS AUSTRALIAN GRAND PRIX 2026,metaliisa,BOT,PIA,RUS,HAM,ANT
QATAR AIRWAYS AUSTRALIAN GRAND PRIX 2026,drinn,RUS,ANT,LEC,PIA,NOR
QATAR AIRWAYS AUSTRALIAN GRAND PRIX 2026,riso,RUS,ANT,PIA,HAM,NOR
QATAR AIRWAYS AUSTRALIAN GRAND PRIX 2026,xemanth,RUS,ANT,PIA,HAD,LEC
QATAR AIRWAYS AUSTRALIAN GRAND PRIX 2026,[-pred`-],RUS,ANT,HAD,LEC,VER
QATAR AIRWAYS AUSTRALIAN GRAND PRIX 2026,cubes,RUS,ANT,LEC,PIA,NOR
QATAR AIRWAYS AUSTRALIAN GRAND PRIX 2026,dozer,RUS,ANT,VER,HAD,LEC
QATAR AIRWAYS AUSTRALIAN GRAND PRIX 2026,nakki69,RUS,ANT,LEC,HAD,PIA
QATAR AIRWAYS AUSTRALIAN GRAND PRIX 2026,slag,RUS,ANT,NOR,LEC,HAD
QATAR AIRWAYS AUSTRALIAN GRAND PRIX 2026,td4guy,RUS,HAD,ANT,LEC,NOR
QATAR AIRWAYS AUSTRALIAN GRAND PRIX 2026,pakman,RUS,LEC,ANT,NOR,HAM
QATAR AIRWAYS AUSTRALIAN GRAND PRIX 2026,gluon,RUS,ANT,LEC,NOR,HAM
HEINEKEN CHINESE GRAND PRIX 2026,metaliisa,ANT,HAM,NOR,RUS,LIN
HEINEKEN CHINESE GRAND PRIX 2026,xemanth,RUS,ANT,LEC,PIA,HAM
HEINEKEN CHINESE GRAND PRIX 2026,gluon,RUS,ANT,LEC,HAM,NOR
HEINEKEN CHINESE GRAND PRIX 2026,slag,RUS,ANT,LEC,HAM,NOR
HEINEKEN CHINESE GRAND PRIX 2026,td4guy,RUS,ANT,LEC,HAM,VER
